-1.3507802486419678,-0.18672285974025726,2.1457719802856445
-0.9570054411888123,-0.4392801821231842,3.768324851989746
-1.0139830112457275,0.9338021874427795,-0.9884858727455139
1.1780102252960205,-0.035539910197257996,6.682812690734863
2.048316717147827,-0.11638578027486801,8.700702667236328
-0.054299674928188324,-1.2612653970718384,8.387890815734863
1.1909723281860352,0.04244513809680939,6.437690258026123
-0.24185527861118317,-1.1642835140228271,7.6755218505859375
0.7111289501190186,0.797208845615387,2.9223153591156006
-0.3195570409297943,-0.5843706727027893,5.551383972167969
-1.4850609302520752,3.284332752227783,-9.943002700805664
-0.2358776181936264,-1.0839266777038574,7.427855014801025
-0.6037616729736328,1.3082382678985596,-1.4694713354110718
-0.46954917907714844,-0.5023285150527954,4.967581748962402
0.004500772338360548,-0.9788496494293213,7.5494537353515625
0.6883874535560608,0.7422419190406799,3.057056427001953
0.16773298382759094,1.2729774713516235,0.20431408286094666
-1.314146876335144,1.0458725690841675,-1.9867520332336426
0.54078209400177,1.0907741785049438,1.5832260847091675
-1.586443305015564,0.4034341871738434,-0.33380916714668274
1.4504228830337524,0.3644219934940338,5.8484110832214355
0.224897563457489,-2.0630204677581787,11.660324096679688
0.17960993945598602,-1.2004889249801636,8.656221389770508
1.8634934425354004,-0.43863609433174133,9.427428245544434
-1.0059287548065186,1.3379955291748047,-2.368448257446289
-0.762904167175293,2.3813066482543945,-5.427224636077881
0.3017616868019104,-0.49635201692581177,6.490617752075195
-0.3557395935058594,0.8295786380767822,0.6836584806442261
0.9213730096817017,0.4805689752101898,4.422692775726318
-0.0022949865087866783,1.1332502365112305,0.3385562002658844
-0.18686427175998688,-1.0725325345993042,7.482302188873291
-0.20202884078025818,0.22217418253421783,3.0313498973846436
0.42384716868400574,0.5475726127624512,3.2039101123809814
0.9720714688301086,-0.4217953085899353,7.5891594886779785
0.4677594304084778,0.1675485223531723,4.571329116821289
-0.4144715666770935,-0.8261264562606812,6.1729350090026855
-0.060349754989147186,-0.4279085099697113,5.543712615966797
-0.5634369850158691,-0.35471105575561523,4.29502534866333
-0.12961341440677643,1.0015166997909546,0.5437003970146179
1.3627351522445679,-0.7889608144760132,9.6236572265625
0.34025055170059204,1.0474950075149536,1.3204708099365234
1.3995599746704102,1.290765404701233,2.6101303100585938
-1.914966106414795,-1.5726948976516724,5.709802150726318
-0.24210457503795624,0.6288550496101379,1.5707534551620483
0.3896024525165558,1.781018614768982,-1.070098876953125
-0.711559534072876,0.6770673990249634,0.46154850721359253
-0.6248148083686829,-2.5113630294799805,11.480335235595703
1.5546432733535767,-1.5546340942382812,12.600228309631348
-1.1320117712020874,1.320367693901062,-2.559418201446533
-1.4381831884384155,-0.2571274936199188,2.23120379447937
-0.5575051307678223,0.46705320477485657,1.5013443231582642
0.6562208533287048,-0.30125418305397034,6.554301738739014
-0.7930389642715454,1.2499380111694336,-1.6035445928573608
-0.054853372275829315,-0.3818525969982147,5.397170066833496
-0.8658486008644104,-2.399336576461792,10.631634712219238
-0.32706406712532043,0.9996725916862488,0.14072740077972412
-0.0033762867096811533,2.2317392826080322,-3.4060044288635254
0.7004858255386353,1.2123286724090576,1.496874451637268
-0.5260574817657471,-1.5025603771209717,8.26470947265625
0.21764224767684937,-0.7983492612838745,7.344776630401611
1.066616177558899,0.4816668629646301,4.694084167480469
0.6224607825279236,0.6987545490264893,3.065134048461914
-0.7502749562263489,-0.35085806250572205,3.889897584915161
0.4703957140445709,-0.9148802757263184,8.233769416809082
-0.26211756467819214,0.4639928638935089,2.1060221195220947
-1.8886964321136475,0.4167822003364563,-0.9908023476600647
0.9800531268119812,1.2765101194381714,1.8347053527832031
0.8876333832740784,-0.14308485388755798,6.46911096572876
-0.2903675138950348,-1.3219008445739746,8.116589546203613
-0.4939592778682709,0.997848391532898,-0.1768355667591095
-0.38677629828453064,0.7809624671936035,0.768252968788147
-0.8260647654533386,-0.39086511731147766,3.8851211071014404
0.7237207889556885,-0.6737930774688721,7.9317307472229
0.5142890214920044,-1.7845358848571777,11.312430381774902
-0.560185968875885,0.42519834637641907,1.6419117450714111
0.3994758427143097,-1.2804068326950073,9.3696928024292
0.1455158144235611,0.7408397197723389,1.9697089195251465
0.4262946546077728,1.3923366069793701,0.3257506787776947
0.013240758329629898,1.9800150394439697,-2.503856897354126
-0.9682488441467285,0.7400628924369812,-0.25760096311569214
-0.23829449713230133,0.26274457573890686,2.8368453979492188
-1.4252185821533203,-0.5517789125442505,3.2315804958343506
0.37268733978271484,0.19595134258270264,4.291645050048828
-0.7452081441879272,1.5984766483306885,-2.7313332557678223
0.9614961743354797,1.5671181678771973,0.7882946729660034
1.0701847076416016,-0.059602975845336914,6.548888206481934
-0.7459779977798462,0.7523570656776428,0.14663702249526978
1.5605233907699585,-1.8166636228561401,13.50206470489502
-0.34006422758102417,-0.3156611919403076,4.586198329925537
-0.13895197212696075,-0.4258880615234375,5.374969959259033
-0.031575143337249756,-0.3640851378440857,5.375734806060791
0.6770164966583252,0.38447386026382446,4.247021675109863
-1.2523584365844727,0.731309711933136,-0.789085328578949
-0.37092891335487366,1.0157277584075928,-0.0017126761376857758
-0.6435390710830688,-1.350630283355713,7.517858982086182
-1.00352942943573,-1.2810760736465454,6.550921440124512
-1.0864942073822021,0.9698538184165955,-1.269357442855835
-0.7069628238677979,0.33095765113830566,1.6649537086486816
-0.817890465259552,0.21560335159301758,1.8365367650985718
0.23546558618545532,-0.5252996683120728,6.455609321594238
-0.9145564436912537,-0.9146078824996948,5.4735517501831055
-0.35026901960372925,0.4553260803222656,1.9417356252670288
0.08647306263446808,0.81534343957901,1.5968506336212158
0.2734033167362213,-1.8349169492721558,10.994813919067383
1.5483193397521973,1.0567384958267212,3.711292028427124
0.07047183811664581,0.7295746803283691,1.8447659015655518
-0.7975281476974487,0.6684370040893555,0.3334347903728485
-2.974518060684204,0.6766319870948792,-4.0437164306640625
0.4368745684623718,1.3885070085525513,0.34804025292396545
0.8730183839797974,0.4414602816104889,4.4450178146362305
-0.8906146883964539,1.2083606719970703,-1.704965591430664
0.9072255492210388,-1.1869834661483765,10.047379493713379
0.7357470989227295,0.7333177924156189,3.1675283908843994
-1.1179713010787964,-1.0290175676345825,5.452682971954346
1.3465375900268555,1.039719581604004,3.3615787029266357
0.2880436182022095,-0.11840470880270004,5.174234390258789
1.4429458379745483,0.12997782230377197,6.64109468460083
0.15030555427074432,0.8057985305786133,1.7511039972305298
-1.475794792175293,1.244582176208496,-2.9935407638549805
1.2210142612457275,0.22469864785671234,5.871770858764648
-0.0018448764458298683,0.03630628436803818,4.075494289398193
2.3591673374176025,0.26780012249946594,8.00361156463623
-0.05829547718167305,-0.8192539811134338,6.847624778747559
0.051412183791399,0.3319287598133087,3.1570591926574707
-0.0483570359647274,-0.7252334952354431,6.559384822845459
0.09803661704063416,0.25344619154930115,3.5277957916259766
-0.13787202537059784,-0.6685749292373657,6.203693866729736
1.4441807270050049,-0.4153721332550049,8.483115196228027
0.6571150422096252,0.48266512155532837,3.866734027862549
-0.11562689393758774,-0.7047142386436462,6.381530284881592
-1.3233212232589722,-1.1516706943511963,5.480848789215088
1.7179198265075684,-0.425546795129776,9.071986198425293
0.5855004787445068,-0.8064565658569336,8.120567321777344
0.28092917799949646,-0.31887826323509216,5.844386577606201
0.10530097037553787,0.9307349920272827,1.2429932355880737
-1.1443427801132202,-0.8344817757606506,4.75974702835083
-0.44761648774147034,-0.7696574330329895,5.930026531219482
-0.6907846331596375,-0.39742040634155273,4.163329124450684
-1.0424853563308716,-0.6722015738487244,4.408936500549316
0.27141642570495605,1.791035771369934,-1.3378623723983765
1.589644193649292,-1.7134971618652344,13.221917152404785
0.48759257793426514,1.1678582429885864,1.1932411193847656
-0.5852338671684265,0.5467064380645752,1.1631910800933838
-1.6741938591003418,1.2664227485656738,-3.4478254318237305
0.328165739774704,-0.4594688415527344,6.436286449432373
-1.3658260107040405,-0.9789585471153259,4.8109941482543945
-0.18685615062713623,0.6652961373329163,1.574754238128662
1.0538363456726074,-2.1684248447418213,13.681276321411133
-0.4390251934528351,-0.44286587834358215,4.8230085372924805
0.007739734370261431,0.03529716655611992,4.0818705558776855
-1.1714859008789062,-0.7459397315979004,4.377816677093506
-0.711469292640686,-0.8715196847915649,5.73397970199585
-0.6348093152046204,1.0587396621704102,-0.677159309387207
0.5330674052238464,0.8126459121704102,2.4915220737457275
1.280665636062622,-1.4707810878753662,11.759767532348633
0.7735324501991272,1.2943166494369507,1.332755208015442
-1.437356948852539,-0.2830919623374939,2.3004908561706543
0.22217535972595215,-1.9284608364105225,11.198175430297852
0.031015781685709953,-0.6841492056846619,6.59307336807251
0.2929976284503937,1.0958324670791626,1.080970287322998
2.1484506130218506,-1.00002121925354,11.907039642333984
0.34379908442497253,0.4560578167438507,3.3411924839019775
0.2167048156261444,-0.7986328601837158,7.3561835289001465
0.8751877546310425,-0.25697076320648193,6.819053649902344
-0.9462583661079407,-0.7304214239120483,4.78244161605835
1.2385618686676025,1.022437334060669,3.20355486869812
0.272806316614151,-0.4481012225151062,6.269452095031738
0.49886801838874817,0.47867581248283386,3.566164493560791
-2.52264666557312,0.2349318116903305,-1.6439002752304077
0.35452738404273987,-0.026351766660809517,4.986515998840332
-0.2461983859539032,-1.8380019664764404,9.966843605041504
-0.9550532102584839,1.0063539743423462,-1.1408367156982422
-0.49138331413269043,0.517711341381073,1.4540157318115234
0.3255954384803772,1.5908583402633667,-0.541567862033844
0.42039555311203003,-0.7362542748451233,7.556471347808838
-0.49871593713760376,-1.81315279006958,9.364751815795898
-0.2472653090953827,0.36914053559303284,2.4621737003326416
-1.1824839115142822,0.9595487713813782,-1.429136872291565
-0.9357406497001648,-0.6968333721160889,4.691882610321045
1.4812450408935547,-0.9441051483154297,10.368350982666016
-1.0141743421554565,1.0589709281921387,-1.4301468133926392
-0.45436131954193115,0.3222663402557373,2.1914854049682617
-0.5955849885940552,-0.23511645197868347,3.8111424446105957
0.24000437557697296,-0.047123268246650696,4.821695327758789
-0.3242161273956299,0.06155376508831978,3.3405914306640625
0.8974217772483826,0.22150400280952454,5.24887752532959
-1.59610915184021,-0.1060422882437706,1.3512998819351196
-1.2740956544876099,-0.5016380548477173,3.3530359268188477
0.012651058845221996,0.040467578917741776,4.067861557006836
-0.6499305367469788,-0.5034038424491882,4.60061502456665
0.34228411316871643,0.9018949270248413,1.822278618812561
-0.9331985712051392,-0.1664247214794159,2.889772891998291
0.12340075522661209,-0.5348024368286133,6.257747173309326
-0.7748477458953857,-0.49496451020240784,4.3564558029174805
1.0099422931671143,-0.029346400871872902,6.317987442016602
0.25657618045806885,-0.8062306046485901,7.468812465667725
-0.159742072224617,-0.1688271164894104,4.46491003036499
1.3427059650421143,-0.061333782970905304,7.0878682136535645
0.8198588490486145,-0.6540188789367676,8.058703422546387
0.5113992691040039,0.4318888187408447,3.7525293827056885
1.4049538373947144,-0.04348466545343399,7.1700029373168945
1.1736376285552979,0.8015011548995972,3.829362630844116
1.2412515878677368,1.7832081317901611,0.6183330416679382
-1.5040117502212524,-0.5167950391769409,2.9343478679656982
-0.4940664768218994,1.0956037044525146,-0.5224897265434265
0.8155784606933594,-0.8323520421981812,8.653733253479004
-1.0792021751403809,0.6145066618919373,-0.04114130511879921
0.21516847610473633,0.1570948213338852,4.093283176422119
1.7354425191879272,0.4592931866645813,6.1067023277282715
-0.5074652433395386,1.3357245922088623,-1.3387844562530518
0.15455979108810425,0.5826152563095093,2.539074659347534
-1.3100922107696533,1.9915249347686768,-5.186516284942627
-0.5677180290222168,-0.363707572221756,4.270018100738525
-1.265929102897644,0.10422681272029877,1.3216170072555542
0.040388625115156174,-1.395275354385376,9.023794174194336
0.6645632386207581,0.11712200939655304,5.1381120681762695
0.6859962940216064,0.5382061004638672,3.7414872646331787
0.11081433296203613,0.04981689155101776,4.264114856719971
0.8280108571052551,-0.19368185102939606,6.5048651695251465
-0.34741178154945374,-1.0158979892730713,6.933387756347656
0.042979419231414795,-0.4224206507205963,5.722833633422852
-1.0450050830841064,1.4093149900436401,-2.681844711303711
0.3740452527999878,-1.009976863861084,8.381975173950195
1.1712793111801147,1.661823034286499,0.8796894550323486
0.9349479079246521,0.1756206899881363,5.467834949493408
1.4513136148452759,-0.5582670569419861,9.016167640686035
1.3747566938400269,-0.4510466158390045,8.470891952514648
0.6335604190826416,0.10702098160982132,5.109668731689453
-0.7351889610290527,1.6828585863113403,-2.98590087890625
1.8215209245681763,0.8390830755233765,5.0037431716918945
1.9426045417785645,-0.6283366680145264,10.230253219604492
0.7369562983512878,-0.6574583053588867,7.920653820037842
0.28230470418930054,1.2680307626724243,0.45447003841400146
0.9977108240127563,0.17327117919921875,5.612241268157959
-0.9485344886779785,-0.8205063343048096,5.090538024902344
-0.22525817155838013,-0.8105344176292419,6.4905242919921875
0.07468234747648239,0.02023710124194622,4.274028778076172
0.22571256756782532,0.5809693336486816,2.6684646606445312
0.631369948387146,-0.6059465408325195,7.531221866607666
-1.4030054807662964,-1.3303940296173096,5.915828704833984
1.9944887161254883,1.2201038599014282,4.029409885406494
0.5430795550346375,1.5885018110275269,-0.1149684265255928
-0.8986325860023499,0.2021106630563736,1.705361247062683
0.40577423572540283,1.9352977275848389,-1.5589529275894165
-0.9814323782920837,0.44604137539863586,0.7164469361305237
-1.3651076555252075,0.7415974140167236,-1.0516927242279053
-0.6278040409088135,-0.056314725428819656,3.1405019760131836
1.025310754776001,1.3060352802276611,1.8088833093643188
-0.025334225967526436,-1.1017900705337524,7.90905237197876
0.3747357726097107,-1.4675123691558838,9.944047927856445
1.0217223167419434,-1.520722508430481,11.404865264892578
0.026665059849619865,-0.42212215065956116,5.688446521759033
1.3109506368637085,0.525083601474762,5.033147811889648
0.9268791675567627,0.12720495462417603,5.625022888183594
-1.4191232919692993,0.6577122211456299,-0.8929954767227173
1.5158779621124268,1.2451683282852173,2.990886926651001
1.6455719470977783,0.048798806965351105,7.325682640075684
0.8240728378295898,0.9469656348228455,2.634040355682373
-0.37946316599845886,-0.025924278423190117,3.5282108783721924
1.014135718345642,-0.527859628200531,8.02938461303711
-0.014934743754565716,-1.0110852718353271,7.599582672119141
0.8585277199745178,-0.4892357289791107,7.589817523956299
-0.7319394946098328,0.860724151134491,-0.18220093846321106
-0.4637112617492676,2.7662949562072754,-6.14642858505249
-0.0025926781818270683,-0.893673300743103,7.228620529174805
-0.3471565246582031,-1.169067144393921,7.4786529541015625
-1.3581773042678833,1.7740741968154907,-4.540255546569824
0.96129310131073,0.9656999111175537,2.8296403884887695
-0.9692070484161377,-0.12134283035993576,2.676318645477295
-0.7578414678573608,0.116062231361866,2.298713445663452
0.4096623361110687,-0.8961690068244934,8.070879936218262
0.5928993821144104,-0.5933834910392761,7.416051864624023
-1.1330139636993408,-0.6263689994812012,4.080130100250244
-1.1575077772140503,0.49415791034698486,0.20377157628536224
-0.46524855494499207,0.15909254550933838,2.717536687850952
-1.0769909620285034,2.450794219970703,-6.284045219421387
-0.35344523191452026,0.3172842264175415,2.42405366897583
0.4691317081451416,0.5782091021537781,3.179149866104126
1.3349906206130981,0.31196174025535583,5.824857711791992
-0.690508246421814,2.204110622406006,-4.6849164962768555
1.3371013402938843,-0.3025839626789093,7.890054225921631
1.3055464029312134,-0.39177900552749634,8.132716178894043
0.5557302236557007,-0.5118317604064941,7.043532848358154
0.4702335298061371,-0.9823278188705444,8.482073783874512
-1.062211036682129,0.2531106173992157,1.205485463142395
-0.5638520121574402,-0.6932598352432251,5.426721096038818
0.6789177656173706,-2.240205764770508,13.175808906555176
1.4984828233718872,0.855554461479187,4.289804935455322
0.9550343751907349,0.8547081351280212,3.204951286315918
-0.3748181462287903,-2.2615251541137695,11.140029907226562
-1.9294886589050293,-0.5954113006591797,2.3780016899108887
2.79543399810791,-0.40982896089553833,11.185056686401367
0.4027538299560547,-1.5344833135604858,10.221113204956055
1.3136385679244995,0.5423282980918884,4.972441673278809
0.049166541546583176,-0.4401007294654846,5.805410861968994
1.3633713722229004,-0.37397876381874084,8.212503433227539
0.3920727074146271,1.0734055042266846,1.3280160427093506
0.4538570046424866,-0.7360641956329346,7.609879970550537
0.38631030917167664,0.5001053214073181,3.2759294509887695
-0.5700259208679199,-0.5645378232002258,4.983703136444092
-0.7410531640052795,0.4129529893398285,1.3331427574157715
-0.2684216797351837,-0.9996393918991089,7.066334247589111
1.6879966259002686,-1.0434867143630981,11.135709762573242
0.7886092066764832,-1.9405397176742554,12.377726554870605
-1.1927356719970703,0.18296334147453308,1.2139512300491333
-0.5063204765319824,-1.1293532848358154,7.022505760192871
-0.4840487539768219,-0.19291448593139648,3.876614809036255
-0.9056945443153381,1.9476579427719116,-4.233461856842041
-2.2419040203094482,0.35647496581077576,-1.4832204580307007
0.262247771024704,-0.9013241529464722,7.781554698944092
1.0129212141036987,-0.6635043025016785,8.487405776977539
0.16939932107925415,-1.1484259366989136,8.441679000854492
-0.962843656539917,0.3364394009113312,1.1267390251159668
0.7084500193595886,0.9469365477561951,2.3986263275146484
1.019139051437378,0.4873063266277313,4.572152614593506
0.12710623443126678,-0.1258556842803955,4.874721050262451
0.322628378868103,-1.2709071636199951,9.164410591125488
0.9205771088600159,-0.05405065789818764,6.228546619415283
1.733039140701294,2.198814630508423,0.17586830258369446
-0.349707692861557,-3.124100685119629,14.127181053161621
-0.06060757115483284,2.4253201484680176,-4.168392181396484
0.35144680738449097,-1.441825270652771,9.807441711425781
-1.310327172279358,0.3184872269630432,0.4998302161693573
-0.015629738569259644,-1.3973872661590576,8.923993110656738
1.130973219871521,-0.0463026762008667,6.620443820953369
-0.14140380918979645,1.7271552085876465,-1.946257472038269
-1.6793659925460815,0.04549583047628403,0.6863340735435486
-1.8060040473937988,0.09038414806127548,0.2738932967185974
-0.8303573727607727,0.5103601813316345,0.8078742027282715
2.218862533569336,1.4358296394348145,3.7600021362304688
1.8074678182601929,-0.11215374618768692,8.18309497833252
0.6467055082321167,0.34734997153282166,4.298207759857178
1.709343671798706,-0.10468075424432755,7.971893787384033
-0.172261580824852,0.38534921407699585,2.5439770221710205
0.7514437437057495,-0.7437238693237305,8.233316421508789
0.2855970561504364,-0.8561269044876099,7.690944671630859
-0.43866217136383057,-0.47032660245895386,4.918160438537598
-0.3474894165992737,-1.5424692630767822,8.735486030578613
-2.1690707206726074,-0.3637968599796295,1.096291184425354
0.6325104236602783,-0.028717605397105217,5.557027816772461
0.9078395366668701,-0.7082633972167969,8.428902626037598
-0.9061362147331238,0.7066740393638611,-0.0017590802162885666
-0.6614894866943359,-0.6580782532691956,5.105511665344238
-0.5644420385360718,1.072084665298462,-0.5788471102714539
0.8729159235954285,1.76383638381958,-0.046630553901195526
1.0790109634399414,0.7880755662918091,3.682931661605835
0.09641166776418686,0.6663283109664917,2.128526210784912
-0.303530216217041,-0.3473098576068878,4.77027702331543
-0.7625799775123596,-0.42319178581237793,4.134710311889648
0.7727506756782532,0.0012428349582478404,5.7589287757873535
-0.2998294532299042,-0.4533623158931732,5.135851860046387
0.028851507231593132,0.19191554188728333,3.5953474044799805
-0.8350407481193542,0.28891679644584656,1.5356392860412598
1.4214305877685547,0.38815996050834656,5.719705104827881
1.064054250717163,-1.127394437789917,10.1400785446167
-1.6497058868408203,0.15152786672115326,0.3851316273212433
0.28415635228157043,-0.9435871243476868,7.98394250869751
-0.8052839636802673,-0.1744360327720642,3.180562973022461
1.809704065322876,1.2476696968078613,3.584947109222412
-0.5771926045417786,-2.378403425216675,11.139415740966797
-1.5196785926818848,-0.9981305599212646,4.55577278137207
0.3652094304561615,0.693703830242157,2.5681204795837402
-0.16833651065826416,0.883072018623352,0.8548018932342529
-1.6692527532577515,-1.8034794330596924,6.994542121887207
2.018284559249878,0.4661494791507721,6.642070770263672
0.8994658589363098,0.743711531162262,3.4648587703704834
0.4010762572288513,-1.548398494720459,10.268133163452148
0.06947804987430573,-0.7600443363189697,6.9290995597839355
1.8448724746704102,0.7656496167182922,5.299921035766602
-2.208883047103882,0.42548874020576477,-1.6577197313308716
-0.9475831389427185,-1.741302728652954,8.237076759338379
-0.13722597062587738,0.045109767466783524,3.7767064571380615
-1.4709376096725464,1.8973675966262817,-5.200514316558838
0.36220547556877136,0.4563271701335907,3.37717866897583
1.5032825469970703,0.21077267825603485,6.483280181884766
-1.9115263223648071,0.9484363794326782,-2.83988094329834
-2.1128463745117188,1.425495982170105,-4.88364315032959
0.411650687456131,1.7677770853042603,-0.9815793633460999
-0.490669310092926,0.7139291167259216,0.7951528429985046
-0.8305203318595886,1.059178113937378,-1.053752064704895
0.27369779348373413,-0.233917698264122,5.541454315185547
-1.4264308214187622,0.310636043548584,0.29224494099617004
-0.04552733525633812,1.8604592084884644,-2.192633867263794
-0.06184686720371246,-0.7530550360679626,6.644484996795654
0.29778242111206055,1.7819665670394897,-1.264091968536377
-0.9048849940299988,-0.5099059343338013,4.125848293304443
0.7261669635772705,1.0430256128311157,2.1004395484924316
0.13083647191524506,0.18816514313220978,3.825449228286743
-0.0329737551510334,1.3238126039505005,-0.3722994029521942
-0.04423895850777626,-0.43713441491127014,5.628824234008789
0.17407363653182983,-0.9523922204971313,7.767235279083252
-0.31219998002052307,-0.3516441583633423,4.778173446655273
-0.7690581679344177,-0.3836803436279297,3.951483726501465
0.4121008515357971,-1.114015817642212,8.8275146484375
-1.0207328796386719,-0.6136151552200317,4.234572410583496
0.06238120049238205,1.482853889465332,-0.6976998448371887
-1.0450648069381714,0.35956045985221863,0.8977864384651184
-0.2349100112915039,-1.2256783246994019,7.881687641143799
-2.1847898960113525,0.07093727588653564,-0.43367528915405273
-1.607499361038208,1.2877569198608398,-3.388249635696411
-1.1378910541534424,-2.9171085357666016,11.828655242919922
-1.2928237915039062,-0.5862070322036743,3.5959889888763428
0.5387848615646362,0.83925461769104,2.4295480251312256
1.6928848028182983,-0.5185062885284424,9.354758262634277
0.2867278456687927,2.3268864154815674,-3.148144483566284
-0.9078376889228821,-2.1411824226379395,9.662447929382324
1.8858200311660767,-0.7970951795578003,10.681106567382812
-0.9960541129112244,-0.9908464550971985,5.583320617675781
1.1058316230773926,-0.2763388156890869,7.347131252288818
-1.1940737962722778,-1.2902626991271973,6.205904483795166
0.28282907605171204,-0.5670634508132935,6.696824550628662
0.6069969534873962,0.5147923231124878,3.651325225830078
1.5222188234329224,-0.04853174090385437,7.40854549407959
-2.4124906063079834,1.265445351600647,-4.939839839935303
-1.5024044513702393,-0.12533162534236908,1.6186444759368896
1.289883017539978,0.1539246141910553,6.252946376800537
0.8367164134979248,1.427406668663025,1.0244643688201904
1.4813324213027954,-0.5789749026298523,9.125861167907715
0.4434598684310913,-0.9716769456863403,8.375353813171387
1.7843307256698608,1.2883483171463013,3.3780994415283203
0.10821583122015,0.9065773487091064,1.3412407636642456
-0.9056925773620605,0.6106372475624084,0.30314913392066956
-0.4210438132286072,0.593080461025238,1.3403445482254028
0.9423959255218506,-0.42110368609428406,7.517151355743408
-2.001038074493408,0.8079933524131775,-2.5487282276153564
-0.7965888977050781,-0.3442406952381134,3.7964515686035156
-0.8313031196594238,-0.3713013231754303,3.8083810806274414
-0.043891094624996185,0.7416004538536072,1.583760380744934
-0.2675732672214508,-0.8087514042854309,6.419232368469238
-1.5170711278915405,0.6401231288909912,-1.0151786804199219
-1.22589111328125,-1.3155957460403442,6.217752456665039
0.0400942899286747,0.22341132164001465,3.5214061737060547
-0.4069741368293762,-0.8571144938468933,6.303525924682617
-0.28770071268081665,1.2108842134475708,-0.46895670890808105
1.301638126373291,0.5063609480857849,5.082020282745361
0.40439993143081665,-0.412947416305542,6.427093982696533
0.3987434208393097,1.0085338354110718,1.574108600616455
0.1689806431531906,-0.21955569088459015,5.261927604675293
0.12277238816022873,-0.8198402523994446,7.2242350578308105
0.9452857971191406,0.1997356414794922,5.414307117462158
0.4712079167366028,-1.461266279220581,10.110640525817871
0.9167288541793823,0.9492105841636658,2.8148839473724365
-0.03975791111588478,0.9081995487213135,1.0193833112716675
1.756811499595642,-0.5114167928695679,9.44709587097168
0.8953736424446106,1.5249013900756836,0.8129854202270508
0.9715831279754639,1.4036320447921753,1.3784661293029785
0.018589911982417107,-0.5171736478805542,5.978647708892822
1.092573642730713,0.959044337272644,3.1410350799560547
0.6932743787765503,-1.8095788955688477,11.737602233886719
0.32734811305999756,-0.030439486727118492,4.9595465660095215
-0.03439510613679886,-0.3804355263710022,5.420235633850098
1.0748943090438843,0.029954254627227783,6.247177600860596
0.8071739077568054,1.2334239482879639,1.628180742263794
-0.23521633446216583,-1.5587230920791626,9.016358375549316
-0.20097467303276062,0.19307847321033478,3.1523101329803467
0.5215280652046204,-1.0702307224273682,8.882787704467773
3.1135945320129395,-2.393062114715576,18.567474365234375
-1.4010812044143677,-1.2854708433151245,5.762485980987549
-0.707915723323822,-0.28899091482162476,3.7675626277923584
-1.9486764669418335,1.1790744066238403,-3.7162346839904785
1.654219627380371,0.4582047760486603,5.945987224578857
-0.7523123025894165,-0.7698758840560913,5.281254291534424
0.30427277088165283,0.9156866669654846,1.70855712890625
-0.45005282759666443,1.2010430097579956,-0.7859833836555481
-1.6006630659103394,0.1204712763428688,0.5890820622444153
0.9421778917312622,1.390097737312317,1.3408148288726807
1.1706295013427734,-0.5707895159721375,8.483447074890137
-1.4906435012817383,-0.21105584502220154,1.9375813007354736
-0.6425275802612305,1.4097578525543213,-1.8884001970291138
0.2816044092178345,0.639741063117981,2.5788774490356445
-0.6549946665763855,-0.4263612627983093,4.3415045738220215
-0.2027530074119568,0.5848530530929565,1.8087002038955688
1.4827990531921387,-0.8098660707473755,9.922264099121094
-1.5872777700424194,0.39352867007255554,-0.31443968415260315
-1.038603663444519,1.3586870431900024,-2.483790397644043
-2.1856391429901123,0.6492023468017578,-2.3761167526245117
-0.9484944939613342,1.6693559885025024,-3.372666597366333
0.6952767372131348,-0.5734309554100037,7.512285232543945
0.889275848865509,0.7187095284461975,3.5244102478027344
-0.024324961006641388,-0.43929219245910645,5.622662544250488
0.8516367077827454,0.76255202293396,3.303554058074951
1.3572392463684082,1.7534490823745728,0.9630779027938843
1.7129656076431274,-2.1122758388519287,14.799482345581055
-1.9671655893325806,-0.267183780670166,1.1713308095932007
-0.010586809366941452,0.8663671612739563,1.2349501848220825
0.5262433290481567,-0.13690808415412903,5.71377420425415
-0.5398768782615662,-0.18645375967025757,3.733647346496582
-0.9126088619232178,-0.04559566080570221,2.5325727462768555
-1.2922930717468262,-0.5245816111564636,3.4039626121520996
-0.7359474301338196,0.08861669898033142,2.4339065551757812
0.8259316682815552,1.5666683912277222,0.5312581062316895
-1.5091774463653564,-0.06919857114553452,1.436625599861145
1.4328495264053345,0.1524248719215393,6.543581962585449
-0.37439295649528503,-2.063971996307373,10.481010437011719
-0.7682644128799438,0.5319213271141052,0.8449538350105286
-1.1690893173217773,0.42992347478866577,0.3802031874656677
-0.17811048030853271,-0.6091746687889099,5.900876522064209
0.7165737152099609,0.5684023499488831,3.6947081089019775
-0.48778122663497925,0.629300057888031,1.0783849954605103
0.4270116090774536,-2.1451289653778076,12.339296340942383
-0.8648840188980103,-0.39709651470184326,3.824753999710083
0.12561488151550293,0.8500366806983948,1.564874529838562
-0.5071290731430054,-1.4164254665374756,8.013510704040527
-0.23340380191802979,0.49611708521842957,2.013702869415283
0.09593721479177475,1.3703278303146362,-0.26959747076034546
1.5572519302368164,-1.3947203159332275,12.034234046936035
-1.308960199356079,0.015068170614540577,1.534867525100708
0.11409556865692139,0.615718424320221,2.3286404609680176
0.3768657445907593,-0.39275720715522766,6.281264305114746
-0.5969810485839844,1.0903257131576538,-0.693179190158844
-0.44279348850250244,1.7557787895202637,-2.636695623397827
0.39035764336586,1.3237353563308716,0.47688722610473633
2.0989177227020264,-0.08926630020141602,8.703999519348145
0.044801708310842514,-1.8200515508651733,10.46104621887207
2.257014274597168,0.8908246755599976,5.697922706604004
0.26834234595298767,0.7804703116416931,2.070094585418701
-0.6882867813110352,-0.38524964451789856,4.124499797821045
0.5178462862968445,0.41683313250541687,3.825129747390747
0.029160821810364723,1.422921061515808,-0.5843337178230286
-0.3781157433986664,0.6798673272132874,1.1257244348526
-1.6792843341827393,0.7498739361763,-1.7158535718917847
-0.10856097936630249,0.18917500972747803,3.359117269515991
-0.7916233539581299,-1.185335636138916,6.6418232917785645
-0.20302285254001617,-0.8867294192314148,6.8184814453125
-0.2578594982624054,-1.100260615348816,7.433656692504883
-1.3619848489761353,-1.9590381383895874,8.15062427520752
1.929796814918518,-1.3437026739120483,12.629476547241211
0.8545913100242615,-1.5348787307739258,11.125107765197754
0.7789362072944641,-1.2158668041229248,9.881415367126465
-0.6096740365028381,-0.09673400223255157,3.3103439807891846
0.35391539335250854,1.0521318912506104,1.3296780586242676
1.7435868978500366,0.4139447510242462,6.279828071594238
-1.2077912092208862,-0.4525112211704254,3.3094141483306885
1.3916165828704834,1.4771863222122192,1.9493815898895264
1.1051980257034302,-0.8864800333976746,9.408245086669922
-0.3731516897678375,3.410548448562622,-8.142220497131348
-0.9035933613777161,-0.31479623913764954,3.478776693344116
-0.28841254115104675,-2.0169122219085693,10.464016914367676
1.0023047924041748,0.4288260042667389,4.7529215812683105
-1.7193588018417358,-1.122833490371704,4.577803611755371
0.3450666069984436,2.4376604557037354,-3.3965022563934326
-1.3687783479690552,0.891403317451477,-1.581620216369629
-0.028221283107995987,0.3845347464084625,2.849113941192627
-0.6837751865386963,-1.4395338296890259,7.735737323760986
-2.3632473945617676,-0.5961770415306091,1.5301024913787842
-1.7563167810440063,-1.4664379358291626,5.65556526184082
-0.138998344540596,-1.1619689464569092,7.8931403160095215
0.8699954152107239,-1.1331502199172974,9.783677101135254
-0.38878360390663147,0.7262100577354431,0.9461694359779358
-0.810081958770752,-1.1450778245925903,6.470391750335693
-0.498237282037735,1.7516735792160034,-2.7377872467041016
-0.5434079170227051,-0.40507054328918457,4.480277061462402
-0.3592095971107483,-0.7748457789421082,6.113199710845947
-0.9492601156234741,0.9238149523735046,-0.8469458818435669
-0.5812137126922607,1.1322481632232666,-0.807958722114563
0.9825391173362732,-1.343123435974121,10.744498252868652
-1.3917635679244995,-1.0444204807281494,4.9821271896362305
0.7932934761047363,-0.637797474861145,7.953077793121338
-1.8279975652694702,0.2972751557826996,-0.4659895598888397
-0.05284346640110016,-1.019684076309204,7.561535358428955
-0.48742133378982544,-0.09929875284433365,3.5467312335968018
-0.4523521065711975,-0.6210429072380066,5.392191410064697
0.5835283994674683,-1.4897135496139526,10.427577018737793
-1.008573055267334,-0.8322506546974182,5.0173726081848145
0.7734185457229614,-0.8899691700935364,8.763775825500488
-0.003662245348095894,1.1217821836471558,0.37253063917160034
-2.3451435565948486,0.08519437164068222,-0.774991512298584
0.9875290393829346,1.693871021270752,0.4374040365219116
2.6023850440979004,0.1598333716392517,8.862343788146973
0.47893449664115906,-0.1986408829689026,5.832368850708008
-0.45056071877479553,-1.6659555435180664,8.963834762573242
0.28217995166778564,-1.3642430305480957,9.390192985534668
0.6163943409919739,0.2614574730396271,4.54775333404541
-0.31494325399398804,-0.19816146790981293,4.237459659576416
-2.1963837146759033,0.4081454873085022,-1.58928382396698
-0.42575857043266296,-0.1539529412984848,3.8660638332366943
-0.2943468689918518,-0.8166221380233765,6.38433313369751
-0.10284154117107391,-0.37593981623649597,5.266416549682617
1.5451306104660034,0.0820741206407547,7.013582229614258
0.5464104413986206,1.4323538541793823,0.42623239755630493
0.1546737402677536,-0.9671205282211304,7.802249908447266
0.6495274305343628,-0.735934317111969,8.005790710449219
0.13948282599449158,-0.13183999061584473,4.926704406738281
-0.3238830864429474,0.3103281855583191,2.5105881690979004
-1.3551609516143799,-1.1582040786743164,5.428361892700195
0.8882236480712891,1.9779020547866821,-0.7513803243637085
-1.3737807273864746,0.6044289469718933,-0.6225755214691162
-0.14418554306030273,-0.5560198426246643,5.7824249267578125
-0.43167272210121155,-0.6412383317947388,5.5206451416015625
0.6449270844459534,-1.0431660413742065,9.03683090209961
-0.10446131974458694,0.25906893610954285,3.107877731323242
-1.471749186515808,-0.32418137788772583,2.3614304065704346
-0.861072838306427,-0.8312564492225647,5.297573566436768
-0.9771137237548828,-0.5018797516822815,3.937863349914551
0.21526169776916504,-0.04558297619223595,4.78183126449585
-1.3664616346359253,-0.9474085569381714,4.69352388381958
0.12177431583404541,-0.3774285316467285,5.744501113891602
-0.4627518951892853,-1.2608669996261597,7.551756381988525
-1.0137450695037842,0.7973281145095825,-0.5363227128982544
0.7677156925201416,-0.06040315702557564,5.934994697570801
1.3818790912628174,0.1941588670015335,6.296354293823242
1.4551200866699219,1.074681043624878,3.448857307434082
0.37164682149887085,0.869521975517273,1.975549340248108
0.14708121120929718,-1.4657412767410278,9.494669914245605
-1.9122570753097534,1.20827317237854,-3.7170305252075195
-0.21937616169452667,-2.0774686336517334,10.842854499816895
0.8574908971786499,-1.596808671951294,11.338033676147461
0.5782371163368225,-0.5861603021621704,7.3603339195251465
-0.5786662101745605,-0.21454553306102753,3.7908473014831543
-1.0344517230987549,-0.10689520835876465,2.4954071044921875
-0.02412022091448307,1.9935402870178223,-2.634368896484375
-0.4996424615383148,-0.868442177772522,6.163450717926025
-1.1175709962844849,1.6834001541137695,-3.757375478744507
-0.5844935774803162,-0.2929973900318146,4.01579475402832
-1.0295491218566895,-1.174865484237671,6.135594844818115
-1.089756965637207,0.6255184412002563,-0.09462320059537888
1.0639780759811401,-0.4849262833595276,7.972553730010986
-0.41019222140312195,-1.2214616537094116,7.526544570922852
1.1032006740570068,0.33877357840538025,5.2618184089660645
1.130707025527954,-0.8271400332450867,9.272109985351562
-1.329675316810608,-0.22400957345962524,2.307072162628174
1.066697597503662,-0.9528627991676331,9.575777053833008
0.052698053419589996,0.16036011278629303,3.7594308853149414
-0.06150554493069649,-1.1454229354858398,7.98274040222168
-1.1878662109375,-0.16308942437171936,2.3805768489837646
0.5605707764625549,-1.6160749197006226,10.824161529541016
-1.9622472524642944,-1.728914499282837,6.16615104675293
-0.7418092489242554,-1.29706871509552,7.13031005859375
0.9016804099082947,-1.1972609758377075,10.06872272491455
-0.17680694162845612,-0.8135631680488586,6.600430965423584
0.4743667542934418,0.2830442488193512,4.19244909286499
0.29194122552871704,-1.8326530456542969,11.016654014587402
1.4747084379196167,0.328328937292099,6.053581714630127
-1.327697992324829,1.0650464296340942,-2.0805702209472656
1.3998132944107056,0.5868151783943176,4.997971057891846
-0.32631027698516846,1.5181454420089722,-1.6079248189926147
-0.10257530957460403,0.7033804655075073,1.6064515113830566
-0.5306459665298462,0.5997244715690613,1.0992141962051392
0.28290849924087524,1.335288405418396,0.21497046947479248
0.92499840259552,-0.1823500394821167,6.664856910705566
-0.8412420749664307,0.25118568539619446,1.6535567045211792
0.10333769023418427,-0.3400728404521942,5.56503963470459
-0.716097354888916,-0.07601699978113174,3.0360350608825684
-0.18240375816822052,0.18951594829559326,3.182858467102051
1.2705003023147583,0.8764407634735107,3.77534556388855
-1.5191594362258911,-0.35893160104751587,2.383957862854004
0.18996314704418182,0.5361037254333496,2.7613067626953125
-0.8738150000572205,0.4032553434371948,1.0892937183380127
0.8047939538955688,0.589881956577301,3.805762529373169
-1.2831979990005493,-0.6127107739448547,3.7311809062957764
0.44519221782684326,-1.2862919569015503,9.459869384765625
-1.0831571817398071,-0.33164075016975403,3.1679224967956543
0.4503069221973419,0.5067541003227234,3.372781991958618
0.5777326226234436,-0.10414096713066101,5.725510597229004
0.9400379657745361,1.0653163194656372,2.4455533027648926
0.6131337285041809,0.18692536652088165,4.7907280921936035
-0.7494717240333557,0.5866833925247192,0.6866057515144348
-0.9255788922309875,-1.2835407257080078,6.7192702293396
1.140418529510498,1.2885487079620361,2.097167491912842
-0.7559875845909119,0.6325148344039917,0.5362224578857422
-2.6495697498321533,1.347267746925354,-5.679952144622803
1.5849688053131104,0.17848023772239685,6.774523735046387
-0.8529855012893677,0.19890683889389038,1.8279417753219604
-0.052051838487386703,0.048145923763513565,3.9390525817871094
-0.6789517998695374,-1.1003905534744263,6.565705299377441
-1.0941988229751587,0.06892744451761246,1.785493016242981
0.11247663199901581,-1.3029849529266357,8.850276947021484
-0.3452022075653076,1.9330397844314575,-3.0627033710479736
-0.2172260284423828,0.5728328227996826,1.7943618297576904
-0.5818677544593811,1.161838173866272,-0.9054774045944214
0.6715855598449707,-1.9944192171096802,12.31221866607666
0.3030257523059845,0.8739864230155945,1.8285187482833862
0.06610676646232605,1.0869405269622803,0.6378641128540039
1.3836191892623901,1.2683286666870117,2.6510109901428223
1.1366994380950928,0.895884096622467,3.432199478149414
-0.6037203073501587,0.5838014483451843,1.0098768472671509
-0.12293706834316254,-0.044928256422281265,4.122465133666992
0.5768491625785828,1.139567255973816,1.4749659299850464
-0.6865032315254211,-0.6833576560020447,5.154382705688477
1.1210057735443115,0.360275000333786,5.215189456939697
-0.3583114445209503,-0.5553188920021057,5.371031761169434
1.5125765800476074,1.3057347536087036,2.7987060546875
1.0077873468399048,-1.550647258758545,11.478240966796875
0.636322557926178,0.35390451550483704,4.273746013641357
-0.267874538898468,-1.019323706626892,7.136621952056885
-0.37444502115249634,1.1533138751983643,-0.47405746579170227
1.8978816270828247,-0.8989031910896301,11.06775188446045
-0.38434943556785583,-1.4075157642364502,8.215069770812988
0.22115035355091095,-1.8329248428344727,10.881579399108887
0.09529922157526016,0.41383135318756104,2.9584126472473145
0.4580312967300415,1.2882059812545776,0.7569239735603333
0.36302709579467773,1.4674471616744995,-0.06321348994970322
-0.21211197972297668,0.38753601908683777,2.455686330795288
0.2774721086025238,1.1884573698043823,0.7147998809814453
-1.328934669494629,-0.18700890243053436,2.186521530151367
-0.6314795613288879,-1.339468240737915,7.514028072357178
-0.4924894869327545,-0.8021389842033386,5.946807861328125
-0.5917870402336121,0.3185407817363739,1.9233437776565552
0.7252677083015442,-0.058033257722854614,5.847530364990234
-0.7301019430160522,-0.26622745394706726,3.663449287414551
1.438496470451355,-0.6574921607971191,9.317479133605957
0.08543573319911957,-0.14467379450798035,4.8590850830078125
0.37523022294044495,-0.542251467704773,6.811310291290283
-0.0264277420938015,1.311908483505249,-0.31620338559150696
-0.03799872472882271,0.7425777912139893,1.6058393716812134
1.201572299003601,1.1377801895141602,2.738996744155884
1.7835801839828491,2.3203656673431396,-0.12533342838287354
-0.057751089334487915,0.05799206718802452,3.889556646347046
-0.38868480920791626,1.047985553741455,-0.14345675706863403
-1.0933185815811157,-0.016776224598288536,2.073371410369873
-0.4705917239189148,0.931044340133667,0.10119789093732834
0.2866320312023163,0.4763267934322357,3.153794527053833
0.12306282669305801,2.103412389755249,-2.713852882385254
0.3477281332015991,-0.12177146971225739,5.325193881988525
-0.6672385334968567,-1.234161376953125,7.06559944152832
0.542026162147522,-0.1325533539056778,5.726653575897217
0.9199684262275696,0.6553038358688354,3.785130262374878
1.152604341506958,-0.4600139558315277,8.076915740966797
-0.5761373043060303,0.2920522093772888,2.059166193008423
0.4477788507938385,-0.9218652248382568,8.218438148498535
0.08714262396097183,0.0002871431934181601,4.3673272132873535
-1.7903518676757812,-1.0040720701217651,4.03010892868042
0.4428950548171997,0.3830852806568146,3.7788572311401367
1.5359842777252197,0.05050927773118019,7.107858180999756
1.2485133409500122,0.9107998013496399,3.5989742279052734
0.8436538577079773,0.02090545929968357,5.817545413970947
-1.7839956283569336,1.1013563871383667,-3.1027867794036865
1.1998142004013062,0.5867886543273926,4.601395130157471
1.3059372901916504,-1.593522310256958,12.232378959655762
0.12776611745357513,0.21240520477294922,3.744218349456787
0.32015272974967957,1.3689477443695068,0.19799385964870453
-0.9646250009536743,-0.031044676899909973,2.3700013160705566
-1.1708539724349976,-0.011029547080397606,1.9004888534545898
-0.5558332800865173,1.2496618032455444,-1.1553306579589844
-1.4454025030136108,-0.016922906041145325,1.3560454845428467
-1.4589927196502686,1.441698670387268,-3.6164164543151855
-0.20052266120910645,0.5353546142578125,1.9800235033035278
2.1456193923950195,1.9492594003677368,1.8573367595672607
-0.6584185361862183,1.9735668897628784,-3.845139741897583
-1.3713220357894897,0.8660612106323242,-1.495239496231079
0.12949201464653015,-1.1446316242218018,8.336830139160156
-0.2691899538040161,1.1801209449768066,-0.341796338558197
-1.0350764989852905,0.2851809859275818,1.1238832473754883
0.5750804543495178,-0.2340376228094101,6.130600929260254
0.9351792931556702,0.9404308199882507,2.862428903579712
-0.8717718720436096,-0.2690001130104065,3.3891775608062744
1.7527120113372803,-1.559802770614624,13.00507926940918
0.36872923374176025,-0.5439273715019226,6.779370307922363
-0.6320806741714478,-0.7157236337661743,5.360997200012207
1.532006859779358,0.38151416182518005,5.96244478225708
-2.1477396488189697,1.1219525337219238,-3.915203332901001
-2.7535183429718018,-0.024547411128878593,-1.2160061597824097
-0.4610825479030609,-0.7612981200218201,5.859928131103516
0.15166108310222626,2.2755231857299805,-3.2326507568359375
1.6840747594833374,-1.5732598304748535,12.899827003479004
0.14600743353366852,0.3080141246318817,3.436795473098755
-1.129715919494629,0.8173357248306274,-0.8432521224021912
-1.7945541143417358,-0.2715781033039093,1.5336189270019531
-0.8622028827667236,0.4794977903366089,0.8475289344787598
0.24111942946910858,0.0403602197766304,4.546021461486816
1.1723870038986206,0.8520744442939758,3.6514809131622314
0.23286187648773193,-0.3957720994949341,5.997766971588135
-1.7414406538009644,-0.8141473531723022,3.476266384124756
0.28275302052497864,0.5917787551879883,2.755005121231079
0.20854081213474274,0.9728706479072571,1.3158438205718994
-0.6534022092819214,0.055256664752960205,2.710791826248169
0.4467383325099945,-1.1143532991409302,8.870363235473633
1.1827685832977295,-0.23298534750938416,7.363739967346191
-2.873047351837158,-1.0398342609405518,1.9983859062194824
-0.1764870285987854,0.18312613666057587,3.2183620929718018
1.2585132122039795,-0.22993336617946625,7.495048999786377
0.2827061414718628,-0.6621809601783752,7.04219388961792
0.12788228690624237,-0.9398097991943359,7.656219959259033
-2.650306224822998,0.12562422454357147,-1.5129830837249756
1.2242556810379028,-1.3959523439407349,11.396257400512695
-1.732789158821106,1.0001271963119507,-2.6651153564453125
-1.275907039642334,2.2144341468811035,-5.869435787200928
0.5892482995986938,0.6943233013153076,3.0220494270324707
-0.792427659034729,0.5405217409133911,0.7851495742797852
0.07121527940034866,0.7885099649429321,1.6776129007339478
-1.4980133771896362,-0.9305882453918457,4.375279426574707
1.005789875984192,-0.8680884838104248,9.167374610900879
0.41361677646636963,0.19134323298931122,4.382649898529053
1.3038724660873413,0.19487234950065613,6.144387722015381
0.7302084565162659,-0.7683683037757874,8.274676322937012
1.7375109195709229,0.3348081409931183,6.542485237121582
0.20408578217029572,-0.8037514686584473,7.339789867401123
-1.3672771453857422,-0.4290788769721985,2.9116733074188232
0.6013375520706177,2.201810121536255,-2.077030658721924
-0.1818360686302185,-0.29449060559272766,4.829765319824219
-0.4629190266132355,1.8697478771209717,-3.07987904548645
0.23587481677532196,0.6384249329566956,2.487950086593628
-0.06110363453626633,1.3555406332015991,-0.537903368473053
-0.37036964297294617,0.9640098810195923,0.1728861927986145
1.1167930364608765,0.22272777557373047,5.688836097717285
0.11502702534198761,1.8843281269073486,-1.9845373630523682
-0.24949680268764496,0.6590965390205383,1.4562013149261475
-0.06929219514131546,0.9514702558517456,0.823302149772644
0.2692166268825531,1.3142340183258057,0.27408403158187866
-0.3558633327484131,0.41243553161621094,2.086271286010742
-1.8789347410202026,-0.16862007975578308,1.0135976076126099
-1.8300050497055054,-0.4549005925655365,2.097904920578003
-1.5383825302124023,-0.30757826566696167,2.166635513305664
-0.18478848040103912,1.236415147781372,-0.36416175961494446
-0.16778071224689484,0.8188726305961609,1.0953795909881592
-1.000483751296997,1.234470009803772,-1.991394281387329
-0.7216947078704834,-0.6175409555435181,4.8617143630981445
-0.7636584043502808,1.1840789318084717,-1.3612016439437866
1.5507203340530396,-0.2987302839756012,8.342022895812988
-0.33828964829444885,1.381757378578186,-1.173887848854065
0.5410710573196411,-0.5402865409851074,7.107189178466797
0.5614920258522034,0.12925148010253906,4.889071464538574
-0.6281227469444275,-1.3188018798828125,7.435689926147461
0.9210896492004395,2.1955785751342773,-1.4389734268188477
1.4354753494262695,-0.4718872904777527,8.679535865783691
2.0648741722106934,-1.17170250415802,12.309224128723145
-2.167235851287842,-0.33628448843955994,1.011212944984436
0.4808891713619232,0.45844903588294983,3.598782539367676
0.2974499762058258,1.1837201118469238,0.7683733701705933
-0.4591149389743805,-0.6288463473320007,5.4155378341674805
0.2193828672170639,0.2631603181362152,3.7670321464538574
-1.393278956413269,-0.025193728506565094,1.4938693046569824
-0.12850125133991241,1.015409231185913,0.49643099308013916
-0.5373461246490479,-2.2551157474517822,10.804676055908203
0.6872715353965759,-3.202507972717285,16.476770401000977
-0.42314478754997253,1.7427440881729126,-2.5606987476348877
1.251410722732544,1.010345220565796,3.2925121784210205
0.37249690294265747,-0.5674489140510559,6.88414192199707
1.0301491022109985,-1.228297233581543,10.432199478149414
1.871756911277771,0.3811943829059601,6.664066314697266
0.9831272959709167,1.0511666536331177,2.5842576026916504
-0.3318707048892975,0.4309501349925995,2.0695078372955322
0.4417811632156372,0.15003223717212677,4.568568706512451
1.8404529094696045,-0.5414779186248779,9.724907875061035
-1.3057284355163574,-0.15781500935554504,2.1233577728271484
-0.40940603613853455,0.10059867054224014,3.0475122928619385
-0.3714105784893036,1.4405971765518188,-1.445936918258667
-1.1485652923583984,0.18542629480361938,1.2589024305343628
-0.7389712333679199,-0.09124988317489624,3.0391576290130615
-0.7228023409843445,0.306511253118515,1.695604681968689
-1.3565115928649902,0.5670257210731506,-0.43796247243881226
-2.346444845199585,-2.2283248901367188,7.072418212890625
0.6590285301208496,0.3407796621322632,4.353485584259033
0.9807968735694885,0.04791005700826645,5.982675075531006
1.930734395980835,-2.0075523853302,14.890613555908203
-0.08861500769853592,-0.7017238736152649,6.4141716957092285
0.4766843318939209,0.8972093462944031,2.07191801071167
-0.6796757578849792,-0.20435810089111328,3.533799409866333
-0.4775337874889374,-0.3078215718269348,4.284486770629883
-0.6104770302772522,0.15749651193618774,2.4300718307495117
0.2735805809497833,1.4625989198684692,-0.21916763484477997
1.6270663738250732,-2.6213133335113525,16.37976837158203
0.24646969139575958,-0.5597190260887146,6.575368881225586
1.3812191486358643,-1.056824803352356,10.549501419067383
0.5370385646820068,1.075948715209961,1.6133122444152832
-2.6058566570281982,0.8831725120544434,-4.025167465209961
-1.231683611869812,-0.05460483953356743,1.9003254175186157
0.4524022340774536,-0.30109378695487976,6.130538463592529
1.8833624124526978,0.6453077793121338,5.789364337921143
0.24458624422550201,0.7162184715270996,2.265469551086426
-0.8424961566925049,0.7970659732818604,-0.18753518164157867
0.18660378456115723,-0.8059073090553284,7.330712795257568
1.0627174377441406,-0.327012836933136,7.426986217498779
-1.4392690658569336,-0.058151330798864365,1.5156015157699585
0.4655066132545471,0.09865690022706985,4.804569721221924
-0.9284173250198364,0.19831664860248566,1.652634620666504
-0.9675624370574951,-0.8048738241195679,4.9915313720703125
0.5903605222702026,0.6994301676750183,3.003504753112793
0.8149222731590271,-0.588132381439209,7.828890800476074
-1.452256441116333,-0.48394832015037537,2.959075689315796
-0.8289564251899719,2.1088380813598633,-4.6342597007751465
0.08999770879745483,0.6638001799583435,2.110229730606079
0.9748241901397705,-1.1198549270629883,9.976508140563965
0.1892739087343216,-0.09316699206829071,4.909457683563232
-0.5693120956420898,0.6448813080787659,0.862540602684021
-1.0166633129119873,0.6144153475761414,0.08901730924844742
0.2651924788951874,1.2089674472808838,0.6329438090324402
0.21852894127368927,-0.08008385449647903,4.9111809730529785
-1.3565890789031982,-0.8144789338111877,4.271170139312744
-1.065420150756836,1.6224095821380615,-3.4629886150360107
-0.48775261640548706,1.2648853063583374,-1.078031063079834
1.758377194404602,0.5847839117050171,5.74374532699585
1.107807993888855,-0.03307422250509262,6.540675163269043
0.15838783979415894,0.9452090263366699,1.292208194732666
1.4092134237289429,0.1960834562778473,6.348875999450684
-1.2405855655670166,0.695654034614563,-0.6352789402008057
1.4937729835510254,-0.26725897192955017,8.102754592895508
-0.5241127610206604,-0.4095090925693512,4.55564022064209
0.9894267916679382,-0.29439577460289,7.180247783660889
-1.2550525665283203,-0.756655216217041,4.257972240447998
0.5689666867256165,0.1672278791666031,4.743253231048584
-2.6975290775299072,-0.3538649380207062,0.007428200915455818
-0.003617570735514164,-1.121691346168518,8.00535774230957
1.2624225616455078,-1.5297560691833496,11.93160629272461
-2.509751081466675,-0.4785778820514679,0.7992137670516968
-0.7273833155632019,-0.19959604740142822,3.4269943237304688
0.36970028281211853,-1.2120625972747803,9.059900283813477
0.01697879657149315,-0.7621680498123169,6.825589179992676
0.88199383020401,1.268372654914856,1.6699860095977783
-0.6639007329940796,-0.7377685904502869,5.3589019775390625
0.5576352477073669,0.029982296749949455,5.21625280380249
0.7146682739257812,0.632279098033905,3.48586368560791
-0.45951753854751587,2.121673107147217,-3.9427309036254883
0.25880736112594604,-0.8293757438659668,7.5435075759887695
-0.640407919883728,0.6146840453147888,0.841391921043396
0.016259027644991875,-0.2585795521736145,5.137286186218262
0.023655075579881668,-0.25019344687461853,5.0963873863220215
-0.7902686595916748,-2.0187222957611084,9.492166519165039
1.9513905048370361,-1.6856839656829834,13.855781555175781
-1.8024358749389648,1.2158031463623047,-3.5323054790496826
-0.21922814846038818,-0.8389542698860168,6.6289777755737305
-0.17162030935287476,1.294736623764038,-0.5391525030136108
-0.7661920189857483,-1.8301520347595215,8.883672714233398
-0.03869113698601723,0.34884363412857056,2.9542038440704346
-0.40753036737442017,0.5307024121284485,1.579816222190857
0.8202337622642517,-0.8516058325767517,8.738550186157227
-0.9236851334571838,0.7799106240272522,-0.2878841459751129
1.0819398164749146,0.7689897418022156,3.758720636367798
-0.009547541849315166,-0.5332854986190796,6.00092077255249
-0.26951900124549866,1.635547161102295,-1.907749891281128
-0.29614096879959106,-1.867510199546814,9.950194358825684
-0.27594703435897827,0.8381686806678772,0.8050522208213806
-0.2516062259674072,-0.6012352108955383,5.744611740112305
-0.293026328086853,-0.6886712312698364,5.947658538818359
1.644576072692871,0.23400993645191193,6.705671787261963
-1.8510463237762451,0.16160547733306885,-0.042760275304317474
1.3258445262908936,0.13085870444774628,6.407972812652588
1.3218809366226196,0.17235128581523895,6.246792793273926
-1.4910238981246948,-1.4957972764968872,6.310190677642822
1.0173381567001343,-1.4754911661148071,11.253791809082031
0.5146008133888245,-0.49171343445777893,6.9053874015808105
0.513570249080658,-0.46967241168022156,6.830920219421387
1.395962119102478,0.5710391998291016,5.0492658615112305
0.3827059864997864,0.1617720127105713,4.420931816101074
0.293304979801178,0.16947506368160248,4.236143112182617
0.6171189546585083,0.10329867899417877,5.10034704208374
0.25218793749809265,0.32088834047317505,3.611126661300659
1.012845754623413,0.8442552089691162,3.3495559692382812
-0.7200685739517212,0.7504735589027405,0.1978125125169754
-0.4870949983596802,1.2203669548034668,-0.9254354238510132
0.11561501771211624,0.5245768427848816,2.639486789703369
0.7455798387527466,0.46688196063041687,4.129106521606445
-0.2205601930618286,0.48204100131988525,2.119230031967163
-2.268251895904541,-0.11736789345741272,0.05648210272192955
0.02117694728076458,0.7154955267906189,1.7825051546096802
-0.3746601641178131,0.22618593275547028,2.6875901222229004
-1.2826334238052368,-1.4986839294433594,6.7412824630737305
1.281694769859314,-0.4168035089969635,8.172451972961426
-0.6968154907226562,-0.06336536258459091,3.004699468612671
-0.4349679946899414,-1.1364049911499023,7.1904425621032715
-0.2601766884326935,-0.7107672691345215,6.088088512420654
-0.41785702109336853,0.6920877695083618,1.0050119161605835
0.745512068271637,1.4905354976654053,0.6449511051177979
0.924339771270752,-1.5324054956436157,11.252608299255371
-0.9295806884765625,1.093184471130371,-1.3696208000183105
0.07559219002723694,0.20449773967266083,3.640129327774048
0.14008907973766327,-0.09244561940431595,4.790506362915039
0.3847048580646515,-0.2128293216228485,5.69128942489624
-0.3497465252876282,0.18551892042160034,2.8775010108947754
-1.174230933189392,0.5344296097755432,0.03666402027010918
0.7046701908111572,0.8470147848129272,2.719022512435913
0.1981828659772873,-0.9270098805427551,7.750116348266602
0.4203260540962219,0.31063583493232727,3.9820215702056885
0.6510871648788452,-0.4574216604232788,7.068817615509033
0.9934529662132263,0.2534693479537964,5.327672958374023
-0.353342741727829,-1.8358052968978882,9.725740432739258
0.5215259790420532,1.381240725517273,0.5454494953155518
-0.3473440110683441,0.12089408189058304,3.096118211746216
0.6035383939743042,0.8640565276145935,2.4591193199157715
-0.5645419955253601,1.179224967956543,-0.9292792677879333
0.6384603977203369,1.665627121925354,-0.20042622089385986
-0.9599785804748535,-0.028123974800109863,2.3637499809265137
0.24054785072803497,-0.5530062317848206,6.5546875
1.4122462272644043,0.22671666741371155,6.263943672180176
0.8551458120346069,2.214298725128174,-1.606032371520996
0.3837597370147705,0.5200462937355042,3.206732988357544
0.5009818077087402,2.2113866806030273,-2.3193604946136475
0.5085746645927429,1.0122944116592407,1.7704271078109741
1.20516836643219,-0.09288231283426285,6.92230224609375
0.2424861341714859,0.9395818114280701,1.4893146753311157
0.7093992829322815,0.1318323016166687,5.1643900871276855
-0.9323064684867859,-1.291975736618042,6.733458518981934
1.1503612995147705,-0.8729763031005859,9.470954895019531
0.8485612869262695,-1.225068211555481,10.061570167541504
1.2679520845413208,0.8982130289077759,3.693746566772461
-0.8663797378540039,0.9892022609710693,-0.8772228956222534
0.9819526076316833,0.34405022859573364,4.976503849029541
-0.39357322454452515,0.43693310022354126,1.9396800994873047
-0.4442436695098877,-1.0123114585876465,6.745395183563232
-0.7932270169258118,0.3695075809955597,1.3545299768447876
0.21739110350608826,-0.37521442770957947,5.904031753540039
-0.01831287331879139,0.9197006225585938,1.0268827676773071
0.21399863064289093,0.6265841126441956,2.5131492614746094
0.4232696294784546,-1.669616460800171,10.74819564819336
0.47603875398635864,0.3646351993083954,3.9214627742767334
1.0922430753707886,0.9500889778137207,3.1567254066467285
0.26098164916038513,-0.1076822578907013,5.088653087615967
0.4378228485584259,-1.6353650093078613,10.64122486114502
-0.8050397038459778,-1.913262963294983,9.105515480041504
1.2825573682785034,-0.2115776240825653,7.484684944152832
